{
  "timestamp": "2026-04-15T07:06:39.293207+00:00",
  "iterations": 20,
  "director_health": 2,
  "critic_approval_rate": 1.9189765458422177,
  "total_calories": 2232.3,
  "calorie_deviation_pct": 0.0,
  "unique_foods": 18,
  "elapsed_seconds": 7.794379949569702,
  "success": false,
  "remaining_issues": [
    "Director health 55/100 < 70"
  ]
}